{"cameraMode":{"drawMode":0,"name":"Shaded","section":"Shading Mode"},"sceneLighting":true,"audioPlay":false,"sceneViewState":{"m_AlwaysRefresh":false,"showFog":true,"showSkybox":true,"showFlares":true,"showImageEffects":true,"showParticleSystems":true,"showVisualEffectGraphs":true,"m_FxEnabled":true},"in2DMode":false,"pivot":{"x":155.4931182861328,"y":0.5719995498657227,"z":10.36451530456543},"rotation":{"x":0.04487132281064987,"y":-0.8993713855743408,"z":0.09506077319383621,"w":0.4244651198387146},"size":11.194029808044434,"orthographic":false}