{"cameraMode":{"drawMode":0,"name":"Shaded","section":"Shading Mode"},"sceneLighting":true,"audioPlay":false,"sceneViewState":{"m_AlwaysRefresh":false,"showFog":true,"showSkybox":true,"showFlares":true,"showImageEffects":true,"showParticleSystems":true,"showVisualEffectGraphs":true,"m_FxEnabled":true},"in2DMode":false,"pivot":{"x":-0.3503606915473938,"y":1.1874253749847413,"z":0.14467835426330567},"rotation":{"x":0.32265257835388186,"y":0.03831542655825615,"z":-0.013073439709842205,"w":0.94565349817276},"size":1.3943672180175782,"orthographic":false}