{"cameraMode":{"drawMode":0,"name":"Shaded","section":"Shading Mode"},"sceneLighting":true,"audioPlay":false,"sceneViewState":{"m_AlwaysRefresh":false,"showFog":true,"showSkybox":true,"showFlares":true,"showImageEffects":true,"showParticleSystems":true,"showVisualEffectGraphs":true,"m_FxEnabled":true},"in2DMode":false,"pivot":{"x":-6.398995399475098,"y":2.1713624000549318,"z":-1.6249520778656006},"rotation":{"x":-0.041214317083358768,"y":-0.7646893858909607,"z":-0.04915444925427437,"w":0.6412069797515869},"size":4.005632400512695,"orthographic":false}