{"cameraMode":{"drawMode":0,"name":"Shaded","section":"Shading Mode"},"sceneLighting":true,"audioPlay":false,"sceneViewState":{"m_AlwaysRefresh":false,"showFog":true,"showSkybox":true,"showFlares":true,"showImageEffects":true,"showParticleSystems":true,"showVisualEffectGraphs":true,"m_FxEnabled":true},"in2DMode":false,"pivot":{"x":156.88876342773438,"y":4.203568935394287,"z":35.93162536621094},"rotation":{"x":0.03106430172920227,"y":-0.3608192205429077,"z":0.012007702142000199,"w":0.9320968389511108},"size":12.12435531616211,"orthographic":false}