{"cameraMode":{"drawMode":0,"name":"Shaded","section":"Shading Mode"},"sceneLighting":true,"audioPlay":false,"sceneViewState":{"m_AlwaysRefresh":false,"showFog":true,"showSkybox":true,"showFlares":true,"showImageEffects":true,"showParticleSystems":true,"showVisualEffectGraphs":true,"m_FxEnabled":true},"in2DMode":false,"pivot":{"x":151.54139709472657,"y":6.1418538093566898,"z":73.90552520751953},"rotation":{"x":0.005640693940222263,"y":0.07737930864095688,"z":0.0008898929809220135,"w":-0.9972800612449646},"size":19.44988250732422,"orthographic":false}